[
  {
    "name": "Linn",
    "url": "http://twitter.com/search?q=Linn",
    "promoted_content": null,
    "query": "Linn",
    "tweet_volume": 204019
  },
  {
    "name": "#ALGCIV",
    "url": "http://twitter.com/search?q=%23ALGCIV",
    "promoted_content": null,
    "query": "%23ALGCIV",
    "tweet_volume": 77303
  },
  {
    "name": "#GSvKAS",
    "url": "http://twitter.com/search?q=%23GSvKAS",
    "promoted_content": null,
    "query": "%23GSvKAS",
    "tweet_volume": 17607
  },
  {
    "name": "Avon",
    "url": "http://twitter.com/search?q=Avon",
    "promoted_content": null,
    "query": "Avon",
    "tweet_volume": 54236
  },
  {
    "name": "#BecasEdomex",
    "url": "http://twitter.com/search?q=%23BecasEdomex",
    "promoted_content": null,
    "query": "%23BecasEdomex",
    "tweet_volume": 12229
  },
  {
    "name": "#BOOS",
    "url": "http://twitter.com/search?q=%23BOOS",
    "promoted_content": null,
    "query": "%23BOOS",
    "tweet_volume": 29152
  },
  {
    "name": "#Castex19h",
    "url": "http://twitter.com/search?q=%23Castex19h",
    "promoted_content": null,
    "query": "%23Castex19h",
    "tweet_volume": 25870
  },
  {
    "name": "Algeria",
    "url": "http://twitter.com/search?q=Algeria",
    "promoted_content": null,
    "query": "Algeria",
    "tweet_volume": 45658
  },
  {
    "name": "Marcelo",
    "url": "http://twitter.com/search?q=Marcelo",
    "promoted_content": null,
    "query": "Marcelo",
    "tweet_volume": 30792
  },
  {
    "name": "الجزائر",
    "url": "http://twitter.com/search?q=%D8%A7%D9%84%D8%AC%D8%B2%D8%A7%D8%A6%D8%B1",
    "promoted_content": null,
    "query": "%D8%A7%D9%84%D8%AC%D8%B2%D8%A7%D8%A6%D8%B1",
    "tweet_volume": 43238
  },
  {
    "name": "Côte",
    "url": "http://twitter.com/search?q=C%C3%B4te",
    "promoted_content": null,
    "query": "C%C3%B4te",
    "tweet_volume": 106769
  },
  {
    "name": "Mahrez",
    "url": "http://twitter.com/search?q=Mahrez",
    "promoted_content": null,
    "query": "Mahrez",
    "tweet_volume": 34666
  },
  {
    "name": "Sushant Day",
    "url": "http://twitter.com/search?q=%22Sushant+Day%22",
    "promoted_content": null,
    "query": "%22Sushant+Day%22",
    "tweet_volume": 75983
  },
  {
    "name": "Jovic",
    "url": "http://twitter.com/search?q=Jovic",
    "promoted_content": null,
    "query": "Jovic",
    "tweet_volume": null
  },
  {
    "name": "Ivory Coast",
    "url": "http://twitter.com/search?q=%22Ivory+Coast%22",
    "promoted_content": null,
    "query": "%22Ivory+Coast%22",
    "tweet_volume": 20034
  },
  {
    "name": "John de Mol",
    "url": "http://twitter.com/search?q=%22John+de+Mol%22",
    "promoted_content": null,
    "query": "%22John+de+Mol%22",
    "tweet_volume": null
  },
  {
    "name": "BUTTER BELIEVE IT",
    "url": "http://twitter.com/search?q=%22BUTTER+BELIEVE+IT%22",
    "promoted_content": null,
    "query": "%22BUTTER+BELIEVE+IT%22",
    "tweet_volume": 861124
  },
  {
    "name": "jade picon",
    "url": "http://twitter.com/search?q=%22jade+picon%22",
    "promoted_content": null,
    "query": "%22jade+picon%22",
    "tweet_volume": 85433
  },
  {
    "name": "Elche",
    "url": "http://twitter.com/search?q=Elche",
    "promoted_content": null,
    "query": "Elche",
    "tweet_volume": 15926
  },
  {
    "name": "M&Ms",
    "url": "http://twitter.com/search?q=M%26Ms",
    "promoted_content": null,
    "query": "M%26Ms",
    "tweet_volume": 12597
  },
  {
    "name": "KHKZulmüne DurDe",
    "url": "http://twitter.com/search?q=%22KHKZulm%C3%BCne+DurDe%22",
    "promoted_content": null,
    "query": "%22KHKZulm%C3%BCne+DurDe%22",
    "tweet_volume": 13877
  },
  {
    "name": "Lina",
    "url": "http://twitter.com/search?q=Lina",
    "promoted_content": null,
    "query": "Lina",
    "tweet_volume": 26884
  },
  {
    "name": "Trikas",
    "url": "http://twitter.com/search?q=Trikas",
    "promoted_content": null,
    "query": "Trikas",
    "tweet_volume": 12071
  },
  {
    "name": "Paz Padilla",
    "url": "http://twitter.com/search?q=%22Paz+Padilla%22",
    "promoted_content": null,
    "query": "%22Paz+Padilla%22",
    "tweet_volume": null
  },
  {
    "name": "YÖNETİM İSTİFA",
    "url": "http://twitter.com/search?q=%22Y%C3%96NET%C4%B0M+%C4%B0ST%C4%B0FA%22",
    "promoted_content": null,
    "query": "%22Y%C3%96NET%C4%B0M+%C4%B0ST%C4%B0FA%22",
    "tweet_volume": null
  },
  {
    "name": "Haller",
    "url": "http://twitter.com/search?q=Haller",
    "promoted_content": null,
    "query": "Haller",
    "tweet_volume": null
  },
  {
    "name": "Donk",
    "url": "http://twitter.com/search?q=Donk",
    "promoted_content": null,
    "query": "Donk",
    "tweet_volume": 12689
  },
  {
    "name": "João Guilherme",
    "url": "http://twitter.com/search?q=%22Jo%C3%A3o+Guilherme%22",
    "promoted_content": null,
    "query": "%22Jo%C3%A3o+Guilherme%22",
    "tweet_volume": null
  },
  {
    "name": "Wharton",
    "url": "http://twitter.com/search?q=Wharton",
    "promoted_content": null,
    "query": "Wharton",
    "tweet_volume": 30234
  },
  {
    "name": "Comores",
    "url": "http://twitter.com/search?q=Comores",
    "promoted_content": null,
    "query": "Comores",
    "tweet_volume": 15980
  },
  {
    "name": "タコピー",
    "url": "http://twitter.com/search?q=%E3%82%BF%E3%82%B3%E3%83%94%E3%83%BC",
    "promoted_content": null,
    "query": "%E3%82%BF%E3%82%B3%E3%83%94%E3%83%BC",
    "tweet_volume": 28421
  },
  {
    "name": "Bogoso",
    "url": "http://twitter.com/search?q=Bogoso",
    "promoted_content": null,
    "query": "Bogoso",
    "tweet_volume": 11332
  },
  {
    "name": "Dembele",
    "url": "http://twitter.com/search?q=Dembele",
    "promoted_content": null,
    "query": "Dembele",
    "tweet_volume": 134549
  },
  {
    "name": "Leno",
    "url": "http://twitter.com/search?q=Leno",
    "promoted_content": null,
    "query": "Leno",
    "tweet_volume": null
  },
  {
    "name": "Rusia",
    "url": "http://twitter.com/search?q=Rusia",
    "promoted_content": null,
    "query": "Rusia",
    "tweet_volume": 62316
  },
  {
    "name": "Camavinga",
    "url": "http://twitter.com/search?q=Camavinga",
    "promoted_content": null,
    "query": "Camavinga",
    "tweet_volume": null
  },
  {
    "name": "Second Life",
    "url": "http://twitter.com/search?q=%22Second+Life%22",
    "promoted_content": null,
    "query": "%22Second+Life%22",
    "tweet_volume": null
  },
  {
    "name": "Belmadi",
    "url": "http://twitter.com/search?q=Belmadi",
    "promoted_content": null,
    "query": "Belmadi",
    "tweet_volume": null
  },
  {
    "name": "Ali B",
    "url": "http://twitter.com/search?q=%22Ali+B%22",
    "promoted_content": null,
    "query": "%22Ali+B%22",
    "tweet_volume": null
  },
  {
    "name": "Coronavac",
    "url": "http://twitter.com/search?q=Coronavac",
    "promoted_content": null,
    "query": "Coronavac",
    "tweet_volume": 13583
  },
  {
    "name": "Rays",
    "url": "http://twitter.com/search?q=Rays",
    "promoted_content": null,
    "query": "Rays",
    "tweet_volume": null
  },
  {
    "name": "Lego Star Wars",
    "url": "http://twitter.com/search?q=%22Lego+Star+Wars%22",
    "promoted_content": null,
    "query": "%22Lego+Star+Wars%22",
    "tweet_volume": 15813
  },
  {
    "name": "Twitter Blue",
    "url": "http://twitter.com/search?q=%22Twitter+Blue%22",
    "promoted_content": null,
    "query": "%22Twitter+Blue%22",
    "tweet_volume": 219696
  },
  {
    "name": "Aurier",
    "url": "http://twitter.com/search?q=Aurier",
    "promoted_content": null,
    "query": "Aurier",
    "tweet_volume": null
  },
  {
    "name": "İsmail Çipe",
    "url": "http://twitter.com/search?q=%22%C4%B0smail+%C3%87ipe%22",
    "promoted_content": null,
    "query": "%22%C4%B0smail+%C3%87ipe%22",
    "tweet_volume": null
  },
  {
    "name": "Lucas Vázquez",
    "url": "http://twitter.com/search?q=%22Lucas+V%C3%A1zquez%22",
    "promoted_content": null,
    "query": "%22Lucas+V%C3%A1zquez%22",
    "tweet_volume": null
  },
  {
    "name": "NO A LA GUERRA",
    "url": "http://twitter.com/search?q=%22NO+A+LA+GUERRA%22",
    "promoted_content": null,
    "query": "%22NO+A+LA+GUERRA%22",
    "tweet_volume": 16865
  },
  {
    "name": "İmparator Fatih Terim",
    "url": "http://twitter.com/search?q=%22%C4%B0mparator+Fatih+Terim%22",
    "promoted_content": null,
    "query": "%22%C4%B0mparator+Fatih+Terim%22",
    "tweet_volume": null
  },
  {
    "name": "David Lynch",
    "url": "http://twitter.com/search?q=%22David+Lynch%22",
    "promoted_content": null,
    "query": "%22David+Lynch%22",
    "tweet_volume": 19510
  },
  {
    "name": "Ucrania",
    "url": "http://twitter.com/search?q=Ucrania",
    "promoted_content": null,
    "query": "Ucrania",
    "tweet_volume": 53575
  }
]